{"cameraMode":{"drawMode":0,"name":"Shaded","section":"Shading Mode"},"sceneLighting":true,"audioPlay":false,"sceneViewState":{"showFog":false,"showMaterialUpdate":false,"showSkybox":false,"showFlares":false,"showImageEffects":false,"showParticleSystems":false},"in2DMode":false,"pivot":{"x":-4.7487406730651859,"y":2.0978212356567385,"z":2.033599853515625},"rotation":{"x":0.031492043286561969,"y":0.013196607120335102,"z":-0.0004158581141382456,"w":0.9994168281555176},"size":29.7891788482666,"orthographic":false}