{"cameraMode":{"drawMode":0,"name":"Shaded","section":"Shading Mode"},"sceneLighting":true,"audioPlay":false,"sceneViewState":{"showFog":false,"showMaterialUpdate":false,"showSkybox":false,"showFlares":false,"showImageEffects":false,"showParticleSystems":false},"in2DMode":false,"pivot":{"x":-9.323714256286621,"y":0.6328110694885254,"z":0.2748062014579773},"rotation":{"x":0.19050301611423493,"y":-0.3140849471092224,"z":0.0644814744591713,"w":0.9278477430343628},"size":2.8466548919677736,"orthographic":false}